Feature,Importance
num__age,0.2864621071374231
num__credit_score,0.25825256232690863
num__balance,0.22027575942582311
num__products_number,0.13569165920535697
num__active_member,0.043473555187461384
cat__country_Germany,0.02306401074233105
cat__gender_Female,0.008535932764869721
cat__gender_Male,0.008424301420279114
cat__country_France,0.008342494763905691
cat__country_Spain,0.007477617025641205
