Feature,Importance
num__age,0.28580100721982266
num__credit_score,0.260870169039506
num__balance,0.22083351477507637
num__products_number,0.13526445946135882
num__active_member,0.041857569541835275
cat__country_Germany,0.021962703839307922
cat__gender_Female,0.008524716791838048
cat__country_France,0.008487828338244257
cat__gender_Male,0.008480257009782922
cat__country_Spain,0.00791777398322774
